smiles,ESOL predicted log solubility in mols per litre
CC(C)=CCCC(C)=CC(=O),-2.579
CCCC=C,-2.01
CCCCCCCCCCCCCC,-5.45
CC(C)Cl,-1.585
CCC(C)CO,-1.027
CCCCCCCCCC(C)O,-3.096
CCOP(=S)(OCC)SCSCC,-3.747
CCCCCCCO,-1.751
CCCCCCCC(=O)OC,-2.608
CCOP(=S)(OCC)SCSC(C)(C)C,-4.367
ClC(=C)Cl,-1.939
CCCCC=O,-1.103
CCCCCCCI,-3.904
OCCCC=C,-0.791
CC(C)OC=O,-0.684
CCCCCC(C)O,-1.678
CCCCCCC#C,-2.509
CC(C)CCC(C)(C)C,-3.631
CCCC(=O)C,-0.846
CCCOC(=O)CC,-1.545
CCC(Br)(CC)C(=O)NC(N)=O,-2.198
CCCCC(=O)OCC,-1.899
CC(C)CCOC(=O)C,-1.817
CCCBr,-1.949
COP(=S)(OC)SCC(=O)N(C)C=O,-2.087
NC(=S)N,0.329
ClC(Cl)(Cl)C(Cl)(Cl)Cl,-4.215
CCCN(=O)=O,-0.816
CCCOC(C)C,-1.354
ClCCl,-1.156
COC=O,-0.048
CC(C)C,-1.891
CCCCC,-2.261
CCCC(=C)C,-2.348
CC(C)C(C)C(C)C,-3.276
CCCCCCCCC=C,-3.781
CC(=O)OCC(COC(=O)C)OC(=O)C,-1.285
CCCCCCCBr,-3.366
CCOC(=O)CC(=O)OCC,-1.413
CC/C=C/C,-2.076
ClC=C(Cl)Cl,-2.312
CO,0.441
CCC(=O)C,-0.491
CCCCCCO,-1.397
CCCCCCl,-2.294
C=CC=C,-1.376
CCCOC(=O)C,-1.125
NC(=O)CCl ,-0.106
CCCCCC=O,-1.457
CC(C)=CCC/C(C)=C\CO,-2.603
CCN(=O)=O,-0.462
CCCC(C)(COC(N)=O)COC(N)=O ,-1.376
CI,-1.646
CCCCC(=O)CCCC,-2.329
CCC(C)CC,-2.6
ClCC#N,-0.448
CCCCCCCCC(=O)OCC,-3.316
CCC(C)Cl,-1.94
CCCCC#C,-1.801
CCCCCCCC#C,-2.864
CC(C)OC(C)C,-1.281
CNN,0.543
CC#C,-0.672
CCNP(=S)(OC)OC(=CC(=O)OC(C)C)C,-2.826
C=CC=O,-0.184
CCCCl,-1.585
CCOC(=O)C,-0.77
CCCC(C)(C)C,-2.938
CCCCOC(=O)CCCCCCCCC(=O)OCCCC,-4.726
CC(=C)C=C,-1.714
CC(C)=CCCC(O)(C)C=C,-2.399
OCC(O)C(O)C(O)C(O)CO ,0.647
CCCC(=O)CCC,-1.62
CC(=O)C(C)(C)C,-1.25
ClC(Cl)(Cl)C#N,-2.019
CCCCCCCCC(=O)C,-2.617
CSC,-0.758
CCOC(=O)N,-0.218
CC(C)C(O)C(C)C,-1.647
CCCCBr,-2.303
CC(C)CC(=O)C,-1.184
OCC(O)C(O)C(O)C(O)CO,0.647
CCS,-0.968
ClCC(Cl)Cl,-1.961
CCCCCCCCl,-3.003
ClC(Cl)C(Cl)Cl,-2.549
CCN(CC)C(=O)C(=CCOP(=O)(OC)OC)Cl,-2.426
CCCCCCCl,-2.648
CCCCCCCCCCCCCCCCCCCCCCCCCC,-9.702
CC(Cl)Cl,-1.576
ClC(Cl)(Cl)Cl,-2.607
COC(C)(C)C,-0.984
CCCCCCCCCCCCCCCCO,-4.94
CCC(C)(C)CO,-1.365
CCCOC(=O)CCC,-1.899
CCCOC=O,-0.757
CC(C)CC(C)C,-2.938
CCCCCCCCCC(=O)OCC,-3.671
CCCOCC,-1.072
CC(C)O,-0.261
ClC(Br)Br,-2.54
CCOC(=O)CC(SP(=S)(OC)OC)C(=O)OCC,-3.391
C/C=C/C=O,-0.604
CCCCCC(=O)OC,-1.899
CCC(=O)OC,-0.836
CCCC(=O)OC,-1.191
CCCCCC(=O)OCC,-2.254
CCCCCCC=C,-3.073
CCCC(O)CC,-1.324
CCCCCCCC(C)O,-2.387
CCCC(=O)CC,-1.266
ClCBr,-1.519
CCN(CC)C(=S)SSC(=S)N(CC)CC,-3.862
CCCCCCCCO,-2.105
CCSCC,-1.598
ClCCCl,-1.374
CCC(C)(C)Cl,-2.278
ClCCBr,-1.738
CCCCCCCC=C,-3.427
CCC(C)(O)CC,-1.308
CCCCC(C)O,-1.324
CCCCCO,-1.042
ClCCC#N ,-0.522
CC(C)C(C)O,-0.954
CCCCCCCCCC(=O)OC,-3.316
CC(C)CBr,-2.288
CCI,-2.066
CCCCCCBr,-3.012
CCCC(C)C,-2.6
BrC(Br)Br,-2.904
COP(=O)(OC)C(O)C(Cl)(Cl)Cl,-1.866
CC(C)Br,-1.949
CC(C)CC(C)(C)C,-3.276
CCC,-1.553
CCOC=C,-0.857
CCC#C,-1.092
CCCCC(C)(O)CC,-2.017
CC#N,0.152
ClCC(Cl)(Cl)Cl,-2.794
CCCCO,-0.688
CC(C)CCO,-1.027
CC(=C)C,-1.573
CC(=C)C(=C)C,-2.052
CCCI,-2.486
CCCO,-0.334
CCCC(C)O,-0.97
ClC(=C(Cl)C(=C(Cl)Cl)Cl)Cl,-4.546
CCC(C)CCO,-1.308
CCCCI,-2.841
CCCCCCCC(=O)OCC,-2.962
CCSSCC,-2.364
CCOCCOCC,-0.833
CCCCCC=C,-2.718
CCCCN(CC)C(=O)SCCC,-3.131
CCCCOC=O,-1.111
BrC(Cl)Cl,-2.176
CBr,-1.109
CC(C)C=C,-1.994
CC,-1.132
CC(=O)N,0.494
CC(O)C(C)(C)C,-1.292
CCCC(=O)OCC,-1.545
CCCCCCCCCO,-2.46
BrCBr,-1.883
CCSC(=O)N(CC(C)C)CC(C)C,-3.453
O=N(=O)OCC(CON(=O)=O)ON(=O)=O ,-2.029
CCCCCl,-1.94
CCNC(=S)NCC,-1.028
CCCCC(=O)OC,-1.545
CCCCCOC(=O)CC,-2.254
CCBr,-1.529
CCC#CCC,-1.933
CCC(=C)C,-1.994
CCOC(C)OCC,-0.899
CCCCOCCO,-0.775
ClCCCCl,-1.618
CC(C)C(C)C,-2.584
CCC=C,-1.655
FC(F)(Cl)C(F)(Cl)Cl,-3.077
CCC#N,-0.269
OCC(O)CO,0.688
CCCCOC,-1.072
CN(C)C(=O)C,0.123
C=C,-0.815
CC(C)(C)CCO,-1.365
CC(C)SC(C)C,-2.162
CCOP(=S)(OCC)SCSP(=S)(OCC)OCC,-5.471
CCCC(C)(C)CO,-1.719
CCCOC,-0.718
CC(C)OC(=O)C,-1.191
ClC=C,-1.188
BrC(Br)(Br)Br,-4.063
CCCCCCCCC,-3.678
CCCCCC(C)C,-3.308
CCC(O)C(C)C,-1.308
CCCCCCC,-2.97
CCCCCC(=O)C,-1.554
COP(=O)(NC(C)=O)SC ,-0.416
CCCCSP(=O)(SCCCC)SCCCC,-4.074
CC=C(C)C,-1.994
CCCC(C)(O)CC,-1.663
CCCCCCCC,-3.324
CCC=O,-0.394
ClC(Cl)Cl,-1.812
CCCCC(CC)C=O,-2.232
CCC(CC)C=O,-1.523
CCCOCCC,-1.426
CCCCCCCCCCCCCCO,-4.231
NC(=O)N,0.832
CCCC#C,-1.446
CCCCCCCCCCCCCCCCCCO,-5.649
CC(C)CCOC=O,-1.449
CCOP(=O)(OCC)OCC,-0.953
CC(C)N(=O)=O,-0.743
OCC(O)C(O)CO,0.675
CNC(=O)C=C(C)OP(=O)(OC)OC,-0.949
CCC(C)C(C)C,-2.938
CCCCCC#C,-2.155
ClCC(C)C,-1.924
CCCCCCCCCCCC(=O)OC,-4.025
CCCSCCC,-2.307
CCCCCBr,-2.658
CCCC/C=C/C,-2.784
CC(Cl)(Cl)Cl,-2.232
CCOCC,-0.718
COCOC,0.092
CCC(C)O,-0.616
C=CCS(=O)SCC=C,-2.045
CC(C)COC=O,-1.095
CCCCCC,-2.615
COP(=O)(OC)OC(Br)C(Cl)(Cl)Br,-3.548
CC(C)CC(C)(C)O,-1.647
CCC(C)(C)C,-2.584
C=CCC=C,-1.758
CCCCCC(O)CC,-2.033
CCCC(C)CO,-1.381
CCCCC(C)(C)O,-1.663
COC(C)(C)CCCC(C)CC=CC(C)=CC(=O)OC(C)C,-4.795
CCOC(=O)CC,-1.191
NC(N)=NC#N ,0.361
ClC(Cl)(Cl)N(=O)=O,-1.866
CCCCCCC(=O)OCC,-2.608
COC(=O)C,-0.416
CCCC(O)C=C,-1.199
CCCCOCCCC,-2.135
CCCCCCCCCCCCO,-3.523
CCCC(C)(C)O,-1.308
CCCCCC(C)(C)O,-2.017
C,-0.636
CCC(C)C(=O)C,-1.266
CN(=O)=O,-0.042
CC(C)N(C(C)C)C(=O)SCC(Cl)=C(Cl)Cl,-4.578
C=CCCC=C,-2.112
CCCCC=C,-2.364
CCCCCCCC(=O)C,-2.263
C#C,-0.252
CCOC(=O)N(C)C(=O)CSP(=S)(OCC)OCC,-3.738
CC(Cl)CCl,-1.794
CCCC=C(CC)C=O,-2.081
CCOP(=S)(OCC)SCCSCC,-3.975
CCCCCCCCCCCCCCCO,-4.586
CC(C)I,-2.486
CC(C)C(=O)C,-0.912
CCCCCCCCCCCCCCCC,-6.159
CCCCCCC(=O)C,-1.909
CCCCCCCCC(=O)OC,-2.962
CCO,0.02
CCCCCCCCBr,-3.721
CCC(O)CC,-0.97
CC(C)CCCO,-1.381
CCC(C)(C)O,-0.954
CCOC=O,-0.402
CCCCS,-1.676
ClC(=C(Cl)Cl)Cl,-3.063
CCC(=O)CC,-0.912
C=CC#N,-0.354
CCCCC(=O)C,-1.2
CCCCC(C)CC,-3.308
BrCCBr,-2.102
COC(=O)C=C,-0.878
CCC(O)(CC)CC,-1.663
CC(C)C(=O)C(C)C,-1.752
CSSC,-1.524
CCCCC(O)CC,-1.678
CCCCC(CC)CO,-2.089
CC(C)N(C(C)C)C(=O)SCC(=CCl)Cl,-3.827
CN(C)C(=S)SSC(=S)N(C)C ,-2.444
CCCCCCCCCCO,-2.814
CCC(C)(C)CC,-2.938
CNC(=O)C(C)SCCSP(=O)(OC)(OC),-1.446
CCCC=O,-0.749
CCCC,-1.907
ClC(Cl)C(Cl)(Cl)Cl,-3.382
CC(C)CO,-0.672
ICI,-2.958
CCCC(O)CCC,-1.678
CCCCCOC(=O)C,-1.833
FC(F)(Cl)C(F)(F)Cl,-2.697
CC=CC=O,-0.604
CN(C)C(=O)N(C)C ,-0.495
CCN(CC)C(=S)SCC(Cl)=C,-3.254
ClCC,-1.165
CC/C=C\C,-2.076
CNC(=O)ON=C(CSC)C(C)(C)C ,-2.7
CCCCCCCCCCCCCCCCCCCC,-7.576
CCC(CC)CO,-1.381
Cl\C=C/Cl,-1.561
CC(C)CC(C)O,-1.308
CC(C)(C)CO,-1.011
CC=C,-1.235
CCCCCCC(C)O,-2.033
CC(C)COC(=O)C,-1.463
CC(C)C(C)(C)C,-2.922
FC(F)(F)C(Cl)Br ,-2.608
CNC(=O)ON=C(SC)C(=O)N(C)C,-0.908
CCSCCSP(=S)(OC)OC,-3.323
CCC(C)C,-2.245
N#Cc1ccccc1,-2.03
CCOc1ccc(NC(=O)C)cc1,-2.342
CCN(CC)c1c(cc(c(N)c1N(=O)=O)C(F)(F)F)N(=O)=O,-4.479
CCc1ccc(CC)cc1,-3.633
CN(C)C(=O)SCCCCOc1ccccc1,-3.297
CC(=O)Nc1ccc(Br)cc1,-3.012
Cc1ccccc1O,-2.281
Nc1ccc(O)cc1,-1.231
Cc1ccc(C)cc1,-3.035
CCc1ccccc1CC,-3.601
O=N(=O)c1c(Cl)c(Cl)ccc1,-3.322
c1(C#N)c(Cl)c(C#N)c(Cl)c(Cl)c(Cl)1,-3.995
CC(C)c1ccccc1,-3.265
Oc1ccccc1N(=O)=O,-2.318
Oc1c(I)cc(C#N)cc1I,-4.615
c1ccccc1O,-1.991
COP(=S)(OC)SCC(=O)N(C(C)C)c1ccc(Cl)cc1,-5.106
CCCCCCc1ccccc1,-4.22
Clc1cc(Cl)c(Cl)c(Cl)c1Cl,-5.168
Oc1cccc(c1)N(=O)=O,-2.318
CCSCc1ccccc1OC(=O)NC ,-2.855
CC(C)(C)c1ccc(O)cc1,-3.192
Clc1cccc(I)c1,-4.384
Cc1cccc(C)c1,-3.035
Oc1cccc(O)c1,-1.59
COP(=S)(OC)Oc1cc(Cl)c(I)cc1Cl,-6.148
Cc1ccc(Cl)cc1,-3.297
CCCCOC(=O)c1ccc(N)cc1,-3.039
CCN(CC(C)=C)c1c(cc(cc1N(=O)=O)C(F)(F)F)N(=O)=O,-5.063
Clc1ccc(Cl)c(Cl)c1Cl,-4.546
CCOP(=S)(CC)Oc1cc(Cl)c(Cl)cc1Cl,-5.225
Clc1cc(Cl)c(Cl)c(Cl)c1,-4.621
Nc1ccccc1O,-1.465
COCC(=O)N(C(C)C(=O)OC)c1c(C)cccc1C ,-2.87
CNC(=O)Oc1ccccc1OC(C)C,-2.409
Cc1ccccc1Cl,-3.297
CCOP(=S)(OCC)ON=C(C#N)c1ccccc1,-4.557
Fc1ccccc1,-2.514
Cc1cc(C)c(C)c(C)c1C,-3.993
CCOP(=S)(OCC)SCSc1ccc(Cl)cc1,-5.828
Cc1ccc(cc1N(=O)=O)N(=O)=O,-2.604
CNC(=O)Oc1cccc(N=CN(C)C)c1,-1.846
COP(=S)(OC)Oc1ccc(SC)c(C)c1,-4.265
NC(=S)Nc1ccccc1,-1.701
Oc1ccc(Cl)cc1,-2.761
Cc1cccc(N)c1,-1.954
CCOC(=O)c1ccc(N)cc1,-2.383
Clc1ccc(Cl)c(Cl)c1,-4.083
Oc1ccccc1O,-1.635
Cc1ccccc1Br,-3.667
CCNc1ccccc1,-2.389
CN(C)C(=O)Nc1ccc(Cl)cc1,-2.671
Brc1cc(Br)c(Br)cc1Br,-6.001
COc1ccc(Cl)cc1,-3.057
COP(=S)(OC)Oc1ccc(N(=O)=O)c(C)c1,-3.845
NC(=O)c1ccccc1O,-1.942
Cc1ccccc1N(=O)=O,-2.589
CCc1ccccc1C,-3.296
CCCCOC(=O)c1ccccc1C(=O)OCCCC ,-4.378
COc1c(O)c(Cl)c(Cl)c(Cl)c1Cl ,-4.299
COc1ccc(cc1)N(=O)=O,-2.522
Nc1ccc(cc1)S(N)(=O)=O,-0.954
CCCN(CCC)c1c(cc(cc1N(=O)=O)C(C)C)N(=O)=O,-5.306
CCOP(=S)(NC(C)C)Oc1ccccc1C(=O)OC(C)C,-4.538
Clc1cccc(Cl)c1Cl,-4.008
O=N(=O)c1cc(Cl)c(Cl)cc1,-3.448
CCOc1ccc(NC(N)=O)cc1,-2.167
COc1ccc(C=CC)cc1,-3.254
CC(C)c1ccc(NC(=O)N(C)C)cc1,-2.867
Cc1c(cc(cc1N(=O)=O)N(=O)=O)N(=O)=O,-2.606
CC(C)OP(=S)(OC(C)C)SCCNS(=O)(=O)c1ccccc1,-4.99
CC(C)c1ccccc1C,-3.585
Nc1cccc(Cl)c1,-2.392
CN(C)C(=O)Nc1cccc(c1)C(F)(F)F,-3.065
Cc1cccc(O)c1,-2.313
O=N(=O)c1ccc(cc1)N(=O)=O,-2.281
CN(C)C(=O)Nc1ccccc1,-1.847
ClCc1ccccc1,-2.887
CON(C)C(=O)Nc1ccc(Br)c(Cl)c1,-3.938
CC(=O)Nc1ccc(F)cc1,-2.181
CCc1cccc(CC)c1N(COC)C(=O)CCl ,-3.319
Clc1ccc(cc1)N(=O)=O,-2.901
Clc1ccccc1N(=O)=O,-2.775
CCCCN(C)C(=O)Nc1ccc(Cl)c(Cl)c1,-4.157
O=N(=O)c1ccccc1,-2.288
Ic1ccccc1,-3.8
COc1ccccc1OCC(O)COC(N)=O,-1.428
CCCCOCN(C(=O)CCl)c1c(CC)cccc1CC ,-4.347
Oc1cccc(Cl)c1Cl,-3.144
CCC(=O)Nc1ccc(Cl)c(Cl)c1,-3.644
Cc1ccc(N)cc1,-1.954
c1ccccc1(OC(=O)NC),-1.947
Cc1cccc(C)c1C,-3.312
CNC(=O)Oc1ccc(N(C)C)c(C)c1,-2.677
Oc1c(Br)cc(C#N)cc1Br ,-3.793
Oc1c(Cl)c(Cl)c(Cl)c(Cl)c1Cl,-4.835
NC(=O)NCc1ccccc1 ,-1.509
CN(C)C(=O)Nc1ccc(C)c(Cl)c1,-3.048
CON(C)C(=O)Nc1ccc(Cl)c(Cl)c1,-3.581
CS(=O)(=O)c1ccc(cc1)C(O)C(CO)NC(=O)C(Cl)Cl ,-1.936
Oc1ccc(cc1)N(=O)=O,-2.318
Nc1ccccc1N(=O)=O,-2.277
Cc1c(cccc1N(=O)=O)N(=O)=O,-2.553
c1(Br)c(Br)cc(Br)cc1,-5.144
c1(O)c(C)ccc(C(C)C)c1,-3.224
CN(C)C=Nc1ccc(Cl)cc1C,-3.164
Nc1ccc(cc1)N(=O)=O,-1.936
Clc1ccccc1,-2.975
Brc1ccc(I)cc1,-4.754
CCCCCc1ccccc1,-3.899
Oc1ccc(Cl)c(Cl)c1,-3.352
CCN(CC)c1ccccc1,-3.16
Fc1cccc(F)c1,-2.636
CC(C)(C)Cc1ccccc1,-3.867
Clc1ccccc1I,-4.384
Cc1cccc(C)c1O,-2.589
COP(=S)(OC)Oc1ccc(cc1Cl)N(=O)=O,-4.188
CCc1cccc(C)c1N(C(C)COC)C(=O)CCl ,-3.431
OCc1ccccc1,-1.699
Oc1ccc(Br)cc1,-3.132
O=N(=O)c1cc(cc(c1)N(=O)=O)N(=O)=O,-2.324
Brc1ccc(Br)cc1,-4.298
Clc1ccc(Cl)cc1,-3.558
Clc1cc(Cl)cc(Cl)c1,-4.159
O=Cc1ccccc1,-1.999
NC(=N)NS(=O)(=O)c1ccc(N)cc1 ,-0.706
COC(=O)c1ccc(O)cc1,-2.441
Cc1ccc(O)c(C)c1,-2.621
Clc1cccc(c1)N(=O)=O,-2.901
FC(F)(F)c1ccccc1,-3.099
CCCCCCOC(=O)c1ccccc1C(=O)OCCCCCC,-5.758
COC(=O)c1ccccc1C(=O)OC,-2.347
Clc1cc(Cl)c(Cl)cc1Cl,-4.621
Nc1ccccc1Cl,-2.392
COc1cccc(Cl)c1,-3.057
Oc1ccc(C=O)cc1,-2.003
Fc1ccccc1Br,-3.467
Oc1ccc(Cl)cc1Cl,-3.22
Cc1ccccc1N,-1.922
c1(OC)ccc(CC=C)cc1,-3.074
CN(C)C(=O)Nc1cccc(OC(=O)NC(C)(C)C)c1 ,-2.655
Clc1ccccc1Cl,-3.482
Nc1cccc(c1)N(=O)=O,-1.936
Oc1cc(Cl)cc(Cl)c1Cl,-3.78
Nc1ccccc1,-1.632
Brc1cc(Br)cc(Br)c1,-5.27
COP(=S)(OC)Oc1cc(Cl)c(Cl)cc1Cl,-5.247
COc1cc(CC=C)ccc1O,-2.675
Clc1c(Cl)c(Cl)c(N(=O)=O)c(Cl)c1Cl,-5.098
COC(=O)c1cc(O)c(O)c(O)c1 ,-1.913
Fc1cccc(Br)c1,-3.467
Clc1ccc(Br)cc1,-3.928
COc1ccccc1N(=O)=O,-2.346
CCC(C)c1cc(cc(N(=O)=O)c1O)N(=O)=O ,-3.715
COc1ccccc1O ,-1.941
Oc1ccc(Cl)c(Cl)c1Cl,-3.705
COc1ccccc1,-2.368
CCc1ccc(C)cc1,-3.328
O=N(=O)c1cccc(c1)N(=O)=O,-2.281
Nc1ccc(Cl)cc1,-2.392
CC(C)(C)c1ccccc1,-3.554
Brc1ccccc1,-3.345
CCOC(=O)c1ccc(O)cc1,-2.761
COC(=O)c1ccccc1,-2.462
CN(C)C(=O)Nc1ccc(Cl)c(Cl)c1,-3.301
Oc1ccccc1Cl,-2.553
CCOc1ccccc1,-2.66
CCOC(=O)C=Cc1ccccc1,-3.098
Cc1ccc(cc1)S(=O)(=O)N,-1.815
CC(OC(=O)Nc1cccc(Cl)c1)C#C,-3.629
CCOP(=S)(OCC)Oc1ccc(cc1)S(C)=O ,-3.283
Cc1ccc(C)c(C)c1,-3.343
Oc1cc(Cl)c(Cl)cc1Cl,-3.78
NNc1ccccc1,-1.866
Oc1c(Cl)ccc(Cl)c1Cl,-3.572
Brc1cccc(Br)c1,-4.298
CC(=O)Nc1ccccc1,-1.857
CC(=O)c1ccccc1,-2.078
CCCOC(=O)c1ccc(N)cc1,-2.709
CCOC(=O)c1ccccc1,-2.775
CON(C)C(=O)Nc1ccc(Cl)cc1,-2.948
Cc1ccc(Br)cc1,-3.667
CCCCN(CC)c1c(cc(cc1N(=O)=O)C(F)(F)F)N(=O)=O,-5.205
Cc1cc(C)c(O)c(C)c1,-2.941
c1ccccc1,-2.418
Clc1ccc(I)cc1,-4.384
COc1ccc(NC(=O)N(C)C)cc1Cl,-2.683
CC(C)N(C(=O)CCl)c1ccccc1 ,-3.018
C=Cc1ccccc1,-2.85
Cc1ccccc1C,-3.004
Oc1ccc(O)cc1,-1.59
c1(O)cc(O)ccc1CCCCCC,-3.493
Oc1c(Cl)cc(Cl)c(Cl)c1Cl,-4.203
Clc1cccc(Cl)c1,-3.558
c1ccccc1SC,-2.87
CCCCC(CC)COC(=O)c1ccccc1C(=O)OCC(CC)CCCC,-7.117
Cc1cc(C)cc(O)c1,-2.652
ClCC#CCOC(=O)Nc1cccc(Cl)c1,-4.16
CC(=O)Nc1ccc(Cl)cc1,-2.642
CNc1ccccc1,-2.097
Cc1cc(cc(N(=O)=O)c1O)N(=O)=O,-2.818
Oc1cccc(Cl)c1,-2.761
Clc1cccc(Br)c1,-3.928
OCCOc1ccccc1,-1.761
CCc1ccccc1,-2.988
CC(C#C)N(C)C(=O)Nc1ccc(Cl)cc1,-3.199
COc1ccc(C=O)cc1,-2.252
CC(=O)Nc1ccc(cc1)N(=O)=O,-2.219
CC(=O)Nc1ccc(O)cc1,-1.495
CCCCOc1ccc(C(=O)OCC)c(c1)N(CC)CC ,-5.128
Cc1c(C)c(C)c(C)c(C)c1C,-4.361
CC(C)c1ccc(C)cc1O,-3.129
CCOP(=S)(OCC)Oc1ccc(cc1)N(=O)=O,-3.949
CC(C)OC(=O)Nc1cccc(Cl)c1,-3.544
CC(O)c1ccccc1,-1.919
c1(C(=O)OCCCCCC(C)(C))c(C(=O)OCCCCCC(C)(C))cccc1,-7.117
Cc1cc(C)cc(C)c1,-3.375
CCCCCCCCOC(=O)c1ccccc1C(=O)OCCCCCCCC ,-7.148
O=N(=O)c1ccccc1N(=O)=O,-2.281
Fc1ccc(F)cc1,-2.636
CCCN(CCC)c1c(cc(cc1N(=O)=O)C(F)(F)F)N(=O)=O,-5.205
c1c(NC(=O)OC(C)C(=O)NCC)cccc1,-2.29
Cc1ccc(cc1)N(=O)=O,-2.64
Cc1ccc(O)cc1,-2.313
CN(C)c1ccccc1,-2.542
CNC(=O)Oc1ccccc1C(C)C,-2.734
COc1ccccc1Cl,-2.912
COP(=S)(OC)Oc1cc(Cl)c(Br)cc1Cl,-5.604
CC(C)c1ccc(C)cc1,-3.617
Oc1c(Cl)cccc1Cl,-3.012
OCC(NC(=O)C(Cl)Cl)C(O)c1ccc(cc1)N(=O)=O,-2.613
Brc1ccccc1Br,-4.172
Oc1c(Cl)cc(Cl)cc1Cl,-3.648
CCCN(CCC)c1c(cc(cc1N(=O)=O)S(N)(=O)=O)N(=O)=O,-3.784
Cc1ccc(O)cc1C,-2.621
Sc1ccccc1,-2.758
CNC(=O)Oc1cc(C)cc(C)c1,-2.688
NC(=O)c1ccccc1,-1.501
Clc1ccccc1Br,-3.84
Oc1cc(Cl)cc(Cl)c1,-3.428
Cc1ccccc1,-2.713
Oc1cc(Cl)c(Cl)c(Cl)c1Cl,-4.335
COc1ccccc1O,-1.941
CCOC(=O)c1ccccc1C(=O)OCC,-3.016
CC(C)Cc1ccccc1,-3.57
Oc1c(Cl)c(Cl)cc(Cl)c1Cl,-4.203
CCCc1ccccc1,-3.281
Cc1cc(C)c(C)cc1C,-3.664
CC(=O)Nc1cc(NS(=O)(=O)C(F)(F)F)c(C)cc1C,-3.165
c1(C(C)(C)C)cc(C(C)(C)C)cc(OC(=O)NC)c1,-4.642
CCCCc1ccccc1,-3.585
N#Cc1ccccc1C#N,-1.717
Cc1cccc(c1)N(=O)=O,-2.64
COP(=O)(OC)OC(=CCl)c1cc(Cl)c(Cl)cc1Cl,-4.32
Clc1cc(Cl)c(c(Cl)c1)c2c(Cl)cccc2Cl,-6.545
Clc1ccc(c(Cl)c1)c2c(Cl)ccc(Cl)c2Cl ,-6.627
c1c(Cl)cccc1c2ccccc2,-4.685
Clc1cccc(c1Cl)c2c(Cl)c(Cl)cc(Cl)c2Cl ,-7.185
Clc1cc(Cl)c(Cl)c(c1Cl)c2c(Cl)c(Cl)cc(Cl)c2Cl ,-8.304
Clc1ccccc1c2ccccc2Cl ,-4.984
Clc1cccc(c1)c2cc(Cl)ccc2Cl ,-5.762
Clc1ccc(Cl)c(c1)c2ccc(Cl)c(Cl)c2,-6.312
Clc1ccccc1c2ccccc2,-4.528
Clc1ccc(cc1)c2ccccc2Cl ,-5.142
Clc1ccc(cc1)c2ccc(Cl)cc2 ,-5.299
Cc1ccc(cc1)c2ccccc2,-4.424
Clc1cc(c(Cl)c(Cl)c1Cl)c2cc(Cl)c(Cl)c(Cl)c2Cl,-8.468
Clc1cc(Cl)c(cc1Cl)c2cccc(Cl)c2Cl ,-6.709
Clc1ccc(cc1)c2cccc(Cl)c2Cl ,-5.686
Clc1ccc(cc1Cl)c2ccccc2 ,-5.223
Clc1cccc(c1Cl)c2cccc(Cl)c2Cl,-6.079
Oc1ccc(cc1)c2ccccc2,-3.701
Clc1ccc(c(Cl)c1)c2cc(Cl)ccc2Cl ,-6.23
Clc1ccc(c(Cl)c1)c2ccc(Cl)c(Cl)c2Cl ,-6.709
Clc1ccc(c(Cl)c1Cl)c2ccc(Cl)c(Cl)c2Cl ,-7.192
Nc1ccc(cc1)c2ccc(N)cc2,-2.613
Clc2c(Cl)c(Cl)c(c1ccccc1)c(Cl)c2Cl ,-6.785
Clc1c(Cl)c(Cl)c(c(Cl)c1Cl)c2c(Cl)c(Cl)c(Cl)c(Cl)c2Cl ,-9.589
Clc1ccc(c(Cl)c1)c2c(Cl)c(Cl)c(Cl)c(Cl)c2Cl,-7.898
Clc1ccc(Cl)c(c1)c2cc(Cl)c(Cl)c(Cl)c2Cl,-7.343
Clc1ccc(Cl)c(c1)c2cccc(Cl)c2Cl ,-6.155
Clc1ccc(Cl)c(c1)c2c(Cl)c(Cl)cc(Cl)c2Cl ,-7.261
Clc1ccc(cc1Cl)c2cc(Cl)c(Cl)c(Cl)c2Cl ,-7.425
c1ccc(cc1)c2ccccc2,-4.079
Clc1cc(Cl)c(c(Cl)c1)c2c(Cl)cc(Cl)cc2Cl ,-7.179
Clc1ccc(Cl)c(c1)c2c(Cl)c(Cl)c(Cl)c(Cl)c2Cl,-7.898
Clc1ccc(cc1)c2cc(Cl)ccc2Cl ,-5.762
Clc1ccc(c(Cl)c1)c2cc(Cl)c(Cl)c(Cl)c2Cl ,-7.343
Clc1cccc(Cl)c1c2ccccc2 ,-4.984
Clc1ccc(cc1)c2c(Cl)cccc2Cl ,-5.604
Clc1cccc(Cl)c1c2c(Cl)cccc2Cl ,-5.915
Clc1cc(Cl)c(cc1Cl)c2cc(Cl)c(Cl)cc2Cl ,-7.343
Clc1ccc(c(Cl)c1Cl)c2c(Cl)cc(Cl)c(Cl)c2Cl ,-7.746
Clc1ccc2ccccc2c1,-4.063
Cc1ccc(C)c2ccccc12,-4.147
Cc1cc(C)c2ccccc2c1,-4.147
CCc1cccc2ccccc12,-4.1
Brc1cccc2ccccc12,-4.434
Nc1cccc2ccccc12,-2.721
Oc1ccc2ccccc2c1,-3.08
c1c(Br)ccc2ccccc12 ,-4.434
c1ccc2ccccc2c1,-3.468
Ic1cccc2ccccc12,-4.889
Cc1ccc2ccccc2c1,-3.802
Clc1cccc2ccccc12,-4.063
Brc1ccc2ccccc2c1,-4.434
CCc1ccc2ccccc2c1,-4.1
Cc1cccc2ccccc12,-3.802
CCN(CC)C(=O)C(C)Oc1cccc2ccccc12 ,-4.088
Cc1ccc2cc(C)ccc2c1,-4.147
Cc1cccc2c(C)cccc12,-4.147
Oc1cccc2ccccc12,-3.08
Cc1cc2ccccc2cc1C,-4.116
O=N(=O)c1cccc2ccccc12,-3.414
CNC(=O)Oc1cccc2ccccc12,-3.087
CCCCC1(CC)C(=O)NC(=O)NC1=O,-1.974
CCC1(CCC(C)C)C(=O)NC(=O)NC1=O,-2.312
O=C1NC(=O)NC(=O)C1(CC)C(C)CC,-1.958
O=C1NC(=O)NC(=O)C1(C)CC=C,-1.013
CCC(C)C1(CC=C)C(=O)NC(=O)NC1=O,-2.06
O=C1NC(=O)NC(=O)C1(C(C)C)C(C)C,-1.942
O=C1NC(=O)NC(=O)C1(CC)CC,-1.265
CCC1(CC)C(=O)NC(=O)N(C)C1=O ,-1.658
O=C1NC(=O)NC(=O)C1(C(C)CCC)CC=C,-2.415
O=C1NC(=O)NC(=O)C1(CC)C(C)CCC,-2.312
O=C1NC(=O)NC(=O)C1(C(C)C)CC=C,-1.706
O=C1NC(=O)NC(=O)C1(CC)CC=C,-1.368
CCC1(C(C)C)C(=O)NC(=O)NC1=O ,-1.603
O=C1NC(=O)NC(=O)C1(CC=C)CC=C,-1.471
O=C1NC(=O)NC(=O)C1(CC)CCC(C)C,-2.312
O=C1NC(=O)NC(=O)C1(CC)C(C)C,-1.603
O=C1NC(=O)NC(=O)C1(C)CC,-0.911
O=C1NC(=O)NC(=O)C1(CC)CC=C(C)C,-2.126
CCC(C)C1(CC(Br)=C)C(=O)NC(=O)NC1=O ,-2.766
O=C1NC(=O)NC(=O)C1(C)C,-0.556
O=C1NC(=O)NC(=O)C1(C(C)C)CC=C(C)C,-2.465
CC12CCC3C(CCC4=CC(=O)CCC34C)C2CCC1C(=O)CO,-3.939
CC34CC(O)C1(F)C(CCC2=CC(=O)CCC12C)C3CCC4(O)C(=O)CO ,-3.172
CC12CCC(=O)C=C1CCC3C2CCC4(C)C3CCC4(O)C#C ,-3.858
CC1(O)CCC2C3CCC4=CC(=O)CCC4(C)C3CCC21C,-4.073
CC12CC(O)C3C(CCC4=CC(=O)CCC34C)C2CCC1(O)C(=O)CO,-3.159
CC(=O)OCC(=O)C3CCC4C2CCC1=CC(=O)CCC1(C)C2CCC34C ,-4.472
CC(=O)C1CCC2C3CCC4=CC(=O)CCC4(C)C3CCC12C,-4.17
CC(=O)OC3CCC4C2CCC1=CC(=O)CCC1(C)C2CCC34C ,-4.449
CC(=O)C1(O)CCC2C3CCC4=CC(=O)CCC4(C)C3CCC21C,-3.876
CC13CCC(=O)C=C1CCC4C2CCC(C(=O)CO)C2(CC(O)C34)C=O ,-3.066
CCC(=O)OC3CCC4C2CCC1=CC(=O)CCC1(C)C2CCC34C ,-4.87
CC12CCC3C(CCC4=CC(=O)CCC34C)C2CCC1O,-3.659
CC(=O)OCC(=O)C1(O)CCC2C3CCC4=CC(=O)CCC4(C)C3C(O)CC21C,-3.692
CC(=O)OC3(C)CCC4C2CCC1=CC(=O)CCC1(C)C2CCC34C ,-4.863
CC12CC(O)C3C(CCC4=CC(=O)CCC34C)C2CCC1C(=O)CO,-3.454
CC34CCC1C(CCC2=CC(=O)CCC12O)C3CCC4(O)C#C,-2.669
CC(=O)OC3(CCC4C2CCC1=CC(=O)CCC1C2CCC34C)C#C,-4.241
CCNc1nc(Cl)nc(n1)N(CC)CC,-3.233
CCNc1nc(Cl)nc(NC(C)C)n1,-3.069
CCN(CC)c1nc(Cl)nc(NC(C)C)n1,-3.497
COc1nc(NC(C)C)nc(NC(C)C)n1,-3.448
CCN(CC)c1nc(Cl)nc(n1)N(CC)CC,-3.663
CCNc1nc(NC(C)C)nc(SC)n1,-3.43
CCNc1nc(NC(C)(C)C)nc(SC)n1,-3.75
CCNc1nc(NC(C)C)nc(OC)n1,-3.185
CCNc1nc(Cl)nc(NCC)n1 ,-2.811
CSc1nc(nc(n1)N(C)C)N(C)C,-2.689
COCCCNc1nc(NC(C)C)nc(SC)n1,-3.259
CCNc1nc(Cl)nc(NC(C)(C)C#N)n1,-2.49
CN(C)c1nc(nc(n1)N(C)C)N(C)C,-2.492
CC(C)Nc1nc(Cl)nc(NC(C)C)n1,-3.329
CSc1nc(NC(C)C)nc(NC(C)C)n1,-3.693
CCNc1nc(NC(C)(C)C)nc(OC)n1,-3.505
c1ccncc1,-1.481
Cc1ccncc1C,-2.067
Cc1cccc(C)n1,-2.098
Cc1cccnc1C,-2.067
Oc1ccccn1,-1.655
Cc1ccnc(C)c1,-2.098
CCOP(=S)(OCC)Oc1nc(Cl)c(Cl)cc1Cl ,-4.972
c1nccc(C(=O)NN)c1,-0.717
COC(=O)c1cccnc1 ,-1.621
CCc1ccccn1,-2.051
Cc1cncc(C)c1,-2.098
NC(=O)c1cccnc1 ,-0.964
Clc1cccc(n1)C(Cl)(Cl)Cl,-3.833
Oc1ccncc1,-1.655
COc1ccc(cc1)C(c2ccc(OC)cc2)C(Cl)(Cl)Cl,-5.538
ClC(Cl)C(c1ccc(Cl)cc1)c2ccc(Cl)cc2,-6.008
c1ccccc1C(O)c2ccccc2,-3.033
OC(c1ccc(Cl)cc1)(c2ccc(Cl)cc2)C(Cl)(Cl)Cl,-6.268
ClC(Cl)C(c1ccc(Cl)cc1)c2ccccc2Cl ,-6.008
c1ccc(Cl)cc1C(c2ccc(Cl)cc2)(O)C(=O)OC(C)C,-5.093
CN(C)C(=O)C(c1ccccc1)c2ccccc2 ,-3.147
Clc1ccc(cc1)C(c2ccc(Cl)cc2)C(Cl)(Cl)Cl,-6.638
C(c1ccccc1)c2ccccc2,-4.09
CC(C)OC(=O)C(O)(c1ccc(Br)cc1)c2ccc(Br)cc2 ,-5.833
ClC(Cl)C(c1ccc(Cl)cc1)c2ccc(Cl)cc2 ,-6.008
Oc1ccc(Cl)cc1Cc2cc(Cl)ccc2O,-4.924
CC(C)C1CCC(C)CC1O ,-2.782
OC1CCCCC1,-1.261
CCSC(=O)N(CC)C1CCCCC1 ,-3.35
ClC1C(Cl)C(Cl)C(Cl)C(Cl)C1Cl,-4.009
C/C1CCC(\C)CC1,-3.305
C1CCCCC1,-2.477
CC1CCCCC1,-2.891
C/C1CCCCC1\C,-3.305
CCC1CCCCC1,-3.245
OC1C(O)C(O)C(O)C(O)C1O,-0.887
Cc1ncnc2nccnc12,-1.24
Oc2ncc1nccnc1n2,-1.404
COc2cnc1ncncc1n2,-1.589
COc1ncnc2nccnc12 ,-1.589
COc2ncc1nccnc1n2,-1.589
Cc2ncc1nccnc1n2,-1.24
Cc2cnc1cncnc1n2,-1.24
COc2cnc1cncnc1n2,-1.589
c2cnc1ncncc1n2,-0.906
CC34CC(O)C1(F)C(CCC2=CC(=O)C=CC12C)C3CC(O)C4(O)C(=O)CO,-2.734
CC(=O)OCC(=O)C3(O)C(CC4C2CCC1=CC(=O)C=CC1(C)C2(F)C(O)CC34C)OC(C)=O ,-3.876
CC12CC(O)C3C(CCC4=CC(=O)C=CC34C)C2CCC1(O)C(=O)CO,-2.974
CC1CC2C3CCC4=CC(=O)C=CC4(C)C3(F)C(O)CC2(C)C1(O)C(=O)CO,-3.4
CC(=O)OCC(=O)C3(O)CCC4C2CCC1=CC(=O)C=CC1(C)C2C(O)CC34C ,-3.507
CCCCC(=O)OC3(C(C)CC4C2CCC1=CC(=O)C=CC1(C)C2(F)C(O)CC34C)C(=O)CO,-5.062
CC1CC2C3CC(F)C4=CC(=O)C=CC4(C)C3(F)C(O)CC2(C)C1(O)C(=O)CO,-3.539
CC4CC3C2CCC1=CC(=O)C=CC1(C)C2(F)C(O)CC3(C)C4(O)C(=O)COC(C)=O ,-3.933
CC1CC2C3CCC(O)(C(=O)C)C3(C)CC(O)C2(F)C4(C)C=CC(=O)C=C14,-3.507
O=C1N(COC(=O)CCCCC)C(=O)C(N1)(c2ccccc2)c3ccccc3,-4.153
O=C1N(COC(=O)CCCCCCC)C(=O)C(N1)(c2ccccc2)c3ccccc3,-4.84
O=C1N(COC(=O)CCCCCC)C(=O)C(N1)(c2ccccc2)c3ccccc3,-4.496
O=C1NC(=O)C(N1)(c2ccccc2)c3ccccc3,-3.057
O=C1N(COC(=O)CCCC)C(=O)C(N1)(c2ccccc2)c3ccccc3,-3.81
O=C1N(COC(=O)C)C(=O)C(N1)(c2ccccc2)c3ccccc3,-2.723
O=C1N(COC(=O)CC)C(=O)C(N1)(c2ccccc2)c3ccccc3,-3.128
O=C1N(COC(=O)CCC)C(=O)C(N1)(c2ccccc2)c3ccccc3,-3.469
CC1(C)C(C=C(Cl)Cl)C1C(=O)OC(C#N)c2ccc(F)c(Oc3ccccc3)c2,-6.84
CC1(C)C(C=C(Br)Br)C1C(=O)OC(C#N)c2cccc(Oc3ccccc3)c2,-7.44
CC1(C)C(C=C(Cl)Cl)C1C(=O)OC(C#N)c2cccc(Oc3ccccc3)c2,-6.775
CC1(C)C(C=C(Cl)Cl)C1C(=O)OCc2cccc(Oc3ccccc3)c2,-7.129
CC1(C)C(C=C(Cl)C(F)(F)F)C1C(=O)OC(C#N)c2cccc(Oc3ccccc3)c2,-6.905
CC1(C)C(C(=O)OC(C#N)c2cccc(Oc3ccccc3)c2)C1(C)C,-6.15
CC(C)=CC3C(C(=O)OCc2cccc(Oc1ccccc1)c2)C3(C)C ,-6.763
CCC(C)n1c(=O)[nH]c(C)c(Br)c1=O ,-3.419
Cc1c[nH]c(=O)[nH]c1=O ,-0.78
Fc1c[nH]c(=O)[nH]c1=O ,-0.792
O=c1cc[nH]c(=O)[nH]1 ,-0.441
CSCS(=O)CC(CO)NC(=O)C=Cc1c(C)[nH]c(=O)[nH]c1=O,-1.57
Cn1ccc(=O)[nH]c1=O,-0.375
Cc1[nH]c(=O)n(c(=O)c1Cl)C(C)(C)C,-3.033
OC3N=C(c1ccccc1)c2cc(Cl)ccc2NC3=O ,-3.517
CN2C(=O)CN=C(c1ccccc1)c3cc(ccc23)N(=O)=O,-3.557
O=C3CN=C(c1ccccc1)c2cc(ccc2N3)N(=O)=O,-3.473
Clc1ccccc1C2=NCC(=O)Nc3ccc(cc23)N(=O)=O,-3.707
CN2C(=O)CN=C(c1ccccc1)c3cc(Cl)ccc23,-4.05
OC3N=C(c1ccccc1Cl)c2cc(Cl)ccc2NC3=O,-3.75
CCN2c1ncccc1N(C)C(=O)c3cccnc23 ,-2.794
CCN2c1ncccc1N(CC)C(=O)c3cccnc23 ,-3.125
CCN2c1nc(C)cc(C(F)(F)F)c1NC(=O)c3cccnc23 ,-4.45
CCN2c1nc(N(C)(CCO))ccc1NC(=O)c3cccnc23 ,-3.335
CCN2c1nc(Cl)ccc1N(C)C(=O)c3cccnc23 ,-3.446
CCN2c1nc(C)cc(C)c1NC(=O)c3cccnc23 ,-3.891
Nc3ccc2cc1ccccc1cc2c3 ,-3.789
Cc1c2ccccc2c(C)c3ccccc13,-5.228
c3ccc2c(O)c1ccccc1cc2c3 ,-4.148
Cc1ccc2cc3ccccc3cc2c1,-4.87
Cc1c2ccccc2cc3ccccc13,-4.87
c1ccc2cc3ccccc3cc2c1,-4.518
Clc2ccc(Oc1ccc(cc1)N(=O)=O)c(Cl)c2,-5.361
CCOC(=O)NCCOc2ccc(Oc1ccccc1)cc2,-4.662
COc2ccc(Oc1ccc(NC(=O)N(C)C)cc1)cc2,-3.928
Oc1cc(Cl)ccc1Oc2ccc(Cl)cc2Cl,-5.645
CN(C)C(=O)Nc2ccc(Oc1ccc(Cl)cc1)cc2,-4.477
O(c1ccccc1)c2ccccc2,-4.254
c1ccc2c(c1)ccc3c4ccccc4ccc23,-5.568
Cc1cc2c3ccccc3ccc2c4ccccc14,-5.931
Nc3cc2c1ccccc1ccc2c4ccccc34 ,-4.849
c1cccc2c3c(C)cc4ccccc4c3ccc12,-5.931
Cc1c(C)c2c3ccccc3ccc2c4ccccc14,-6.265
c2c(C)cc1nc(C)ccc1c2 ,-3.342
Oc2ccc1ncccc1c2 ,-2.725
Oc1cccc2ncccc12 ,-2.725
Oc1cccc2cccnc12 ,-2.725
c1ccc2ncccc2c1,-2.663
CCOP(=S)(OCC)Oc1cc(C)nc(n1)C(C)C,-3.989
CCCCc1c(C)nc(nc1O)N(C)C ,-3.57
c1cncnc1,-0.884
CN(C)C(=O)Oc1nc(nc(C)c1C)N(C)C,-2.34
CCCCc1c(C)nc(NCC)nc1OS(=O)(=O)N(C)C ,-3.493
CCCC1CCCC1,-3.16
C1CCCC1,-2.038
CCCCCC1CCCC1,-3.869
CC1CCCC1,-2.452
CCOP(=S)(OCC)SC(CCl)N1C(=O)c2ccccc2C1=O,-5.026
CCOP(=S)(OCC)SC(CCl)N2C(=O)c1ccccc1C2=O,-5.026
O=C1NC(=O)c2ccccc12 ,-1.882
CCOP(=S)(OCC)N2C(=O)c1ccccc1C2=O,-3.992
Oc1ccc(Cl)cc1C(=O)Nc2ccc(cc2Cl)N(=O)=O,-5.032
c1c(NC(=O)c2ccccc2(I))cccc1,-4.245
Cc1cccc(C)c1NC(=O)c2cc(c(Cl)cc2O)S(N)(=O)=O,-3.642
c1ccccc1NC(=O)c2c(O)cccc2,-3.782
CCN2c1cc(Cl)ccc1NC(=O)c3cccnc23 ,-4.423
CCN2c1cc(OC)cc(C)c1NC(=O)c3cccnc23 ,-4.228
CCN2c1ccccc1N(C)C(=O)c3cccnc23 ,-3.471
CCN2c1cc(N(C)C)cc(C)c1NC(=O)c3cccnc23 ,-4.408
Cn1c(=O)n(C)c2nc[nH]c2c1=O,-1.452
Cn1cnc2n(C)c(=O)[nH]c(=O)c12 ,-1.05
Cn2c(=O)n(C)c1ncn(CC(O)CO)c1c2=O,-0.847
Cn1cnc2n(C)c(=O)n(C)c(=O)c12,-1.498
OC1C=CC2C1C3(Cl)C(=C(Cl)C2(Cl)C3(Cl)Cl)Cl ,-4.156
ClC2=C(Cl)C3(Cl)C1C=CCC1C2(Cl)C3(Cl)Cl ,-5.152
ClC1C=CC2C1C3(Cl)C(=C(Cl)C2(Cl)C3(Cl)Cl)Cl,-5.26
Nc1c(C)c[nH]c(=O)n1 ,-0.257
Nc1cc[nH]c(=O)n1 ,0.051
Nc1nc(=O)[nH]cc1F,-0.132
Cc2c(N)c(=O)n(c1ccccc1)n2C,-1.192
Cc1cc(=O)n(c2ccccc2)n1C,-1.733
CN(C)c2c(C)n(C)n(c1ccccc1)c2=O ,-2.129
ON=Cc1ccc(o1)N(=O)=O ,-1.843
O=Cc1ccco1,-1.391
c1ccoc1,-1.837
CCCCC1C(=O)N(N(C1=O)c2ccccc2)c3ccccc3 ,-4.076
CC(=O)CCC1C(=O)N(N(C1=O)c2ccccc2)c3ccccc3,-2.645
CCCCC1C(=O)N(N(C1=O)c2ccc(O)cc2)c3ccccc3 ,-3.739
C1CCOC1,-0.62
CC1CCCO1,-1.034
OCC1OC(O)(CO)C(O)C1O,0.471
CCOC2Oc1ccc(OS(C)(=O)=O)cc1C2(C)C,-3.184
CNC(=O)Oc1cccc2CC(C)(C)Oc12,-3.05
CCOC(=O)CCN(SN(C)C(=O)Oc1cccc2CC(C)(C)Oc21)C(C)C,-5.133
OC1CCCCCCC1,-2.14
C1CCCCCCC1,-3.355
CN(C)C(=O)NC1CCCCCCC1,-2.629
Cc1ccc2c(ccc3ccccc32)c1,-4.87
c1ccc2c(c1)ccc3ccccc32,-4.518
Cc1cccc2c1ccc3ccccc32,-4.87
C(Cc1ccccc1)c2ccccc2,-4.301
CCC(C(CC)c1ccc(O)cc1)c2ccc(O)cc2,-4.854
c1ccccc1C(O)C(O)c2ccccc2,-2.645
CC1=CC(=O)CC(C)(C)C1 ,-2.015
CC(=C)C1CC=C(C)C(=O)C1,-2.042
CN(C)C(=O)OC1=CC(=O)CC(C)(C)C1 ,-2.304
CC1=CCC(CC1)C(C)=C,-3.429
C1CCC=CC1,-2.16
CC1=CCCCC1,-2.574
C1OC(O)C(O)C(O)C1O,0.601
OCC1OC(O)C(O)C(O)C1O,0.501
C1CCOCC1,-0.978
O=C1NC(=O)NC(=O)C1(CC=C)c1ccccc1,-2.36
CCC1(C(=O)NC(=O)NC1=O)c2ccccc2 ,-2.272
O=C1NC(=O)NC(=O)C1(CC)c1ccccc1,-2.272
c1ccccc1n2ncc(N)c(Br)c2(=O),-3.005
CNc2cnn(c1cccc(c1)C(F)(F)F)c(=O)c2Cl,-4.029
Nc2cnn(c1ccccc1)c(=O)c2Cl,-2.603
CC12CCC3C(CCc4cc(O)ccc34)C2CCC1O,-4.138
CC34CCC1C(CCc2cc(O)ccc12)C3CCC4(O)C#C ,-4.317
CC34CCC1C(CCc2cc(O)ccc12)C3CC(O)C4O ,-3.858
c2ccc1scnc1c2 ,-2.733
CCOc2ccc1nc(sc1c2)S(N)(=O)=O ,-3.085
Sc2nc1ccccc1s2 ,-3.411
c1cc2ccc(OC)c(CC=C(C)(C))c2oc1=O ,-4.076
CCOP(=S)(OCC)Oc2ccc1oc(=O)c(Cl)c(C)c1c2,-5.04
O2c1ccccc1N(CC)C(=O)c3ccccc23 ,-3.784
O2c1ccc(N)cc1N(C)C(=O)c3cc(C)ccc23 ,-3.125
C1Cc2c3c1cccc3cc4c2ccc5ccccc54,-5.942
c1cc(C)cc2c1c3cc4cccc5CCc(c45)c3cc2,-6.311
Cc1ncc(N(=O)=O)n1CCO,-0.859
Cc1ncc(N(=O)=O)n1CCO ,-0.859
NS(=O)(=O)c2cc1c(NCNS1(=O)=O)cc2Cl ,-1.72
NS(=O)(=O)c2cc1c(NC(NS1(=O)=O)C(Cl)Cl)cc2Cl ,-2.98
CC2=CC(=O)c1ccccc1C2=O ,-2.667
ClC(Cl)CC(=O)NC2=C(Cl)C(=O)c1ccccc1C2=O,-3.988
CCCCc1c(C)nc(NCC)[nH]c1=O,-2.732
Sc1nccc(=O)[nH]1 ,-0.992
CC(=O)CC(c1ccccc1)c3c(O)c2ccccc2oc3=O ,-3.913
CC(=O)CC(c1ccc(Cl)cc1)c2c(O)c3ccccc3oc2=O,-4.554
CC1OC(CC(O)C1O)OC2C(O)CC(OC2C)OC8C(O)CC(OC7CCC3(C)C(CCC4C3CC(O)C5(C)C(CCC45O)C6=CC(=O)OC6)C7)OC8C ,-5.312
CC1OC(CC(O)C1O)OC2C(O)CC(OC2C)OC8C(O)CC(OC7CCC3(C)C(CCC4C3CCC5(C)C(CCC45O)C6=CC(=O)OC6)C7)OC8C ,-6.114
Cc1c[nH]c2ccccc12 ,-2.981
c2ccc1[nH]ccc1c2,-2.654
CCOP(=S)(OCC)SCn1c(=O)oc2cc(Cl)ccc12,-5.024
Clc2ccc1oc(=O)[nH]c1c2,-2.679
NC(=O)NC1NC(=O)NC1=O ,0.652
O=C1CNC(=O)N1 ,0.603
CC12CC(=O)C3C(CCC4=CC(=O)CCC34C)C2CCC1(O)C(=O)CO,-2.893
CC(=O)OCC(=O)C3(O)CCC4C2CCC1=CC(=O)CCC1(C)C2C(=O)CC34C ,-3.426
c3ccc2nc1ccccc1cc2c3,-3.846
Nc2cccc3nc1ccccc1cc23 ,-3.542
C1CCCCCC1,-2.916
OC1CCCCCC1,-1.7
